epoch,step,test_acc,test_loss
0,0,0.9017093181610107,0.9270554780960083
