epoch,step,train_loss
0,49,0.2576400637626648
0,99,0.3509121835231781
0,149,0.24332845211029053
0,199,0.25161758065223694
0,249,0.18511095643043518
0,299,0.17004705965518951
0,349,0.15389315783977509
0,399,0.31992268562316895
0,449,0.20609278976917267
0,499,0.27295151352882385
0,549,0.20045453310012817
0,599,0.2772829234600067
0,649,0.2009117752313614
0,699,0.25286567211151123
0,749,0.174030140042305
0,799,0.2003173679113388
