epoch,step,test_acc,test_loss
0,0,0.9413919448852539,0.1783837080001831
