epoch,step,test_acc,test_loss
0,0,0.9432234168052673,0.17125050723552704
