epoch,step,test_acc,test_loss
0,0,0.9447497725486755,0.1670220047235489
