epoch,step,test_acc,test_loss
0,0,0.9432234764099121,0.176740363240242
0,0,0.9432234764099121,0.176740363240242
0,0,0.9447497725486755,0.1670220047235489
