epoch,step,test_acc,test_loss
0,0,0.9432234764099121,0.17673656344413757
