epoch,step,test_acc,test_loss
0,0,0.9438339471817017,0.1772538721561432
