epoch,step,test_acc,test_loss
0,0,0.9432234764099121,0.17673853039741516
0,0,0.9447497725486755,0.1670302152633667
0,0,0.9017093181610107,0.9603592157363892
