epoch,step,test_acc,test_loss
0,0,0.9441391229629517,0.1706446260213852
